--
-- PostgreSQL database dump
--

-- Dumped from database version 14.13 (Ubuntu 14.13-0ubuntu0.22.04.1)
-- Dumped by pg_dump version 14.13 (Ubuntu 14.13-0ubuntu0.22.04.1)

SET statement_timeout = 0;
SET lock_timeout = 0;
SET idle_in_transaction_session_timeout = 0;
SET client_encoding = 'UTF8';
SET standard_conforming_strings = on;
SELECT pg_catalog.set_config('search_path', '', false);
SET check_function_bodies = false;
SET xmloption = content;
SET client_min_messages = warning;
SET row_security = off;

--
-- Name: postgis; Type: EXTENSION; Schema: -; Owner: -
--

CREATE EXTENSION IF NOT EXISTS postgis WITH SCHEMA public;


--
-- Name: EXTENSION postgis; Type: COMMENT; Schema: -; Owner: 
--

COMMENT ON EXTENSION postgis IS 'PostGIS geometry and geography spatial types and functions';


SET default_tablespace = '';

SET default_table_access_method = heap;

--
-- Name: auth_group; Type: TABLE; Schema: public; Owner: postgres
--

CREATE TABLE public.auth_group (
    id integer NOT NULL,
    name character varying(150) NOT NULL
);


ALTER TABLE public.auth_group OWNER TO postgres;

--
-- Name: auth_group_id_seq; Type: SEQUENCE; Schema: public; Owner: postgres
--

ALTER TABLE public.auth_group ALTER COLUMN id ADD GENERATED BY DEFAULT AS IDENTITY (
    SEQUENCE NAME public.auth_group_id_seq
    START WITH 1
    INCREMENT BY 1
    NO MINVALUE
    NO MAXVALUE
    CACHE 1
);


--
-- Name: auth_group_permissions; Type: TABLE; Schema: public; Owner: postgres
--

CREATE TABLE public.auth_group_permissions (
    id bigint NOT NULL,
    group_id integer NOT NULL,
    permission_id integer NOT NULL
);


ALTER TABLE public.auth_group_permissions OWNER TO postgres;

--
-- Name: auth_group_permissions_id_seq; Type: SEQUENCE; Schema: public; Owner: postgres
--

ALTER TABLE public.auth_group_permissions ALTER COLUMN id ADD GENERATED BY DEFAULT AS IDENTITY (
    SEQUENCE NAME public.auth_group_permissions_id_seq
    START WITH 1
    INCREMENT BY 1
    NO MINVALUE
    NO MAXVALUE
    CACHE 1
);


--
-- Name: auth_permission; Type: TABLE; Schema: public; Owner: postgres
--

CREATE TABLE public.auth_permission (
    id integer NOT NULL,
    name character varying(255) NOT NULL,
    content_type_id integer NOT NULL,
    codename character varying(100) NOT NULL
);


ALTER TABLE public.auth_permission OWNER TO postgres;

--
-- Name: auth_permission_id_seq; Type: SEQUENCE; Schema: public; Owner: postgres
--

ALTER TABLE public.auth_permission ALTER COLUMN id ADD GENERATED BY DEFAULT AS IDENTITY (
    SEQUENCE NAME public.auth_permission_id_seq
    START WITH 1
    INCREMENT BY 1
    NO MINVALUE
    NO MAXVALUE
    CACHE 1
);


--
-- Name: auth_user; Type: TABLE; Schema: public; Owner: postgres
--

CREATE TABLE public.auth_user (
    id integer NOT NULL,
    password character varying(128) NOT NULL,
    last_login timestamp with time zone,
    is_superuser boolean NOT NULL,
    username character varying(150) NOT NULL,
    first_name character varying(150) NOT NULL,
    last_name character varying(150) NOT NULL,
    email character varying(254) NOT NULL,
    is_staff boolean NOT NULL,
    is_active boolean NOT NULL,
    date_joined timestamp with time zone NOT NULL
);


ALTER TABLE public.auth_user OWNER TO postgres;

--
-- Name: auth_user_groups; Type: TABLE; Schema: public; Owner: postgres
--

CREATE TABLE public.auth_user_groups (
    id bigint NOT NULL,
    user_id integer NOT NULL,
    group_id integer NOT NULL
);


ALTER TABLE public.auth_user_groups OWNER TO postgres;

--
-- Name: auth_user_groups_id_seq; Type: SEQUENCE; Schema: public; Owner: postgres
--

ALTER TABLE public.auth_user_groups ALTER COLUMN id ADD GENERATED BY DEFAULT AS IDENTITY (
    SEQUENCE NAME public.auth_user_groups_id_seq
    START WITH 1
    INCREMENT BY 1
    NO MINVALUE
    NO MAXVALUE
    CACHE 1
);


--
-- Name: auth_user_id_seq; Type: SEQUENCE; Schema: public; Owner: postgres
--

ALTER TABLE public.auth_user ALTER COLUMN id ADD GENERATED BY DEFAULT AS IDENTITY (
    SEQUENCE NAME public.auth_user_id_seq
    START WITH 1
    INCREMENT BY 1
    NO MINVALUE
    NO MAXVALUE
    CACHE 1
);


--
-- Name: auth_user_user_permissions; Type: TABLE; Schema: public; Owner: postgres
--

CREATE TABLE public.auth_user_user_permissions (
    id bigint NOT NULL,
    user_id integer NOT NULL,
    permission_id integer NOT NULL
);


ALTER TABLE public.auth_user_user_permissions OWNER TO postgres;

--
-- Name: auth_user_user_permissions_id_seq; Type: SEQUENCE; Schema: public; Owner: postgres
--

ALTER TABLE public.auth_user_user_permissions ALTER COLUMN id ADD GENERATED BY DEFAULT AS IDENTITY (
    SEQUENCE NAME public.auth_user_user_permissions_id_seq
    START WITH 1
    INCREMENT BY 1
    NO MINVALUE
    NO MAXVALUE
    CACHE 1
);


--
-- Name: authtoken_token; Type: TABLE; Schema: public; Owner: postgres
--

CREATE TABLE public.authtoken_token (
    key character varying(40) NOT NULL,
    created timestamp with time zone NOT NULL,
    user_id integer NOT NULL
);


ALTER TABLE public.authtoken_token OWNER TO postgres;

--
-- Name: core_addoncategory; Type: TABLE; Schema: public; Owner: postgres
--

CREATE TABLE public.core_addoncategory (
    id bigint NOT NULL,
    name character varying(255) NOT NULL,
    required boolean NOT NULL,
    max_selections integer NOT NULL,
    menu_id bigint NOT NULL,
    CONSTRAINT core_addoncategory_max_selections_check CHECK ((max_selections >= 0))
);


ALTER TABLE public.core_addoncategory OWNER TO postgres;

--
-- Name: core_addoncategory_id_seq; Type: SEQUENCE; Schema: public; Owner: postgres
--

ALTER TABLE public.core_addoncategory ALTER COLUMN id ADD GENERATED BY DEFAULT AS IDENTITY (
    SEQUENCE NAME public.core_addoncategory_id_seq
    START WITH 1
    INCREMENT BY 1
    NO MINVALUE
    NO MAXVALUE
    CACHE 1
);


--
-- Name: core_addonoption; Type: TABLE; Schema: public; Owner: postgres
--

CREATE TABLE public.core_addonoption (
    id bigint NOT NULL,
    name character varying(255),
    price numeric(6,2) NOT NULL,
    category_id bigint NOT NULL,
    menu_item_id bigint
);


ALTER TABLE public.core_addonoption OWNER TO postgres;

--
-- Name: core_addonoption_id_seq; Type: SEQUENCE; Schema: public; Owner: postgres
--

ALTER TABLE public.core_addonoption ALTER COLUMN id ADD GENERATED BY DEFAULT AS IDENTITY (
    SEQUENCE NAME public.core_addonoption_id_seq
    START WITH 1
    INCREMENT BY 1
    NO MINVALUE
    NO MAXVALUE
    CACHE 1
);


--
-- Name: core_category; Type: TABLE; Schema: public; Owner: postgres
--

CREATE TABLE public.core_category (
    id bigint NOT NULL,
    name character varying(255) NOT NULL,
    description text NOT NULL,
    image character varying(100),
    category_type character varying(50) NOT NULL,
    priority_index integer,
    CONSTRAINT core_category_priority_index_check CHECK ((priority_index >= 0))
);


ALTER TABLE public.core_category OWNER TO postgres;

--
-- Name: core_category_id_seq; Type: SEQUENCE; Schema: public; Owner: postgres
--

ALTER TABLE public.core_category ALTER COLUMN id ADD GENERATED BY DEFAULT AS IDENTITY (
    SEQUENCE NAME public.core_category_id_seq
    START WITH 1
    INCREMENT BY 1
    NO MINVALUE
    NO MAXVALUE
    CACHE 1
);


--
-- Name: core_menu; Type: TABLE; Schema: public; Owner: postgres
--

CREATE TABLE public.core_menu (
    id bigint NOT NULL,
    name character varying(255) NOT NULL,
    description text NOT NULL,
    cost numeric(10,2) NOT NULL,
    status character varying(10) NOT NULL,
    restaurant_id bigint NOT NULL,
    image character varying(100),
    priority_index integer,
    category_id bigint,
    CONSTRAINT core_menu_priority_index_check CHECK ((priority_index >= 0))
);


ALTER TABLE public.core_menu OWNER TO postgres;

--
-- Name: core_menu_id_seq; Type: SEQUENCE; Schema: public; Owner: postgres
--

ALTER TABLE public.core_menu ALTER COLUMN id ADD GENERATED BY DEFAULT AS IDENTITY (
    SEQUENCE NAME public.core_menu_id_seq
    START WITH 1
    INCREMENT BY 1
    NO MINVALUE
    NO MAXVALUE
    CACHE 1
);


--
-- Name: core_promo; Type: TABLE; Schema: public; Owner: postgres
--

CREATE TABLE public.core_promo (
    id bigint NOT NULL,
    name character varying(255) NOT NULL,
    description text NOT NULL,
    discount numeric(5,2) NOT NULL,
    status character varying(10) NOT NULL,
    restaurant_id bigint,
    discount_type character varying(10) NOT NULL,
    end_date date,
    start_date date,
    usage_limit integer,
    menu_id bigint,
    usage_count integer NOT NULL,
    code character varying(50),
    image character varying(100),
    minimum_order numeric(10,2),
    priority_index integer,
    target_audience character varying(50),
    time_offer jsonb NOT NULL,
    CONSTRAINT core_promo_priority_index_check CHECK ((priority_index >= 0)),
    CONSTRAINT core_promo_usage_count_check CHECK ((usage_count >= 0)),
    CONSTRAINT core_promo_usage_limit_check CHECK ((usage_limit >= 0))
);


ALTER TABLE public.core_promo OWNER TO postgres;

--
-- Name: core_promo_id_seq; Type: SEQUENCE; Schema: public; Owner: postgres
--

ALTER TABLE public.core_promo ALTER COLUMN id ADD GENERATED BY DEFAULT AS IDENTITY (
    SEQUENCE NAME public.core_promo_id_seq
    START WITH 1
    INCREMENT BY 1
    NO MINVALUE
    NO MAXVALUE
    CACHE 1
);


--
-- Name: core_restaurant; Type: TABLE; Schema: public; Owner: postgres
--

CREATE TABLE public.core_restaurant (
    id bigint NOT NULL,
    name character varying(255) NOT NULL,
    image character varying(100) NOT NULL,
    location character varying(255) NOT NULL,
    coordinates public.geometry(Point,4326) NOT NULL,
    telephone character varying(15) NOT NULL,
    ratings double precision NOT NULL,
    description text NOT NULL,
    status character varying(10) NOT NULL,
    owner_id integer NOT NULL,
    operating_hours jsonb NOT NULL,
    priority_index integer,
    city character varying(100),
    email character varying(254),
    province character varying(2),
    social_media_links jsonb NOT NULL,
    service_type character varying(10) NOT NULL,
    slug character varying(255),
    CONSTRAINT core_restaurant_priority_index_check CHECK ((priority_index >= 0))
);


ALTER TABLE public.core_restaurant OWNER TO postgres;

--
-- Name: core_restaurant_categories; Type: TABLE; Schema: public; Owner: postgres
--

CREATE TABLE public.core_restaurant_categories (
    id bigint NOT NULL,
    restaurant_id bigint NOT NULL,
    category_id bigint NOT NULL
);


ALTER TABLE public.core_restaurant_categories OWNER TO postgres;

--
-- Name: core_restaurant_categories_id_seq; Type: SEQUENCE; Schema: public; Owner: postgres
--

ALTER TABLE public.core_restaurant_categories ALTER COLUMN id ADD GENERATED BY DEFAULT AS IDENTITY (
    SEQUENCE NAME public.core_restaurant_categories_id_seq
    START WITH 1
    INCREMENT BY 1
    NO MINVALUE
    NO MAXVALUE
    CACHE 1
);


--
-- Name: core_restaurant_id_seq; Type: SEQUENCE; Schema: public; Owner: postgres
--

ALTER TABLE public.core_restaurant ALTER COLUMN id ADD GENERATED BY DEFAULT AS IDENTITY (
    SEQUENCE NAME public.core_restaurant_id_seq
    START WITH 1
    INCREMENT BY 1
    NO MINVALUE
    NO MAXVALUE
    CACHE 1
);


--
-- Name: core_restaurantimage; Type: TABLE; Schema: public; Owner: postgres
--

CREATE TABLE public.core_restaurantimage (
    id bigint NOT NULL,
    image character varying(100) NOT NULL,
    caption character varying(255),
    menu_id bigint,
    restaurant_id bigint
);


ALTER TABLE public.core_restaurantimage OWNER TO postgres;

--
-- Name: core_restaurantimage_id_seq; Type: SEQUENCE; Schema: public; Owner: postgres
--

ALTER TABLE public.core_restaurantimage ALTER COLUMN id ADD GENERATED BY DEFAULT AS IDENTITY (
    SEQUENCE NAME public.core_restaurantimage_id_seq
    START WITH 1
    INCREMENT BY 1
    NO MINVALUE
    NO MAXVALUE
    CACHE 1
);


--
-- Name: core_userprofile; Type: TABLE; Schema: public; Owner: postgres
--

CREATE TABLE public.core_userprofile (
    id bigint NOT NULL,
    phone character varying(15) NOT NULL,
    address character varying(255) NOT NULL,
    city character varying(100) NOT NULL,
    image character varying(100) NOT NULL,
    user_id integer NOT NULL,
    email character varying(254),
    type_of_user character varying(20) NOT NULL
);


ALTER TABLE public.core_userprofile OWNER TO postgres;

--
-- Name: core_userprofile_id_seq; Type: SEQUENCE; Schema: public; Owner: postgres
--

ALTER TABLE public.core_userprofile ALTER COLUMN id ADD GENERATED BY DEFAULT AS IDENTITY (
    SEQUENCE NAME public.core_userprofile_id_seq
    START WITH 1
    INCREMENT BY 1
    NO MINVALUE
    NO MAXVALUE
    CACHE 1
);


--
-- Name: django_admin_log; Type: TABLE; Schema: public; Owner: postgres
--

CREATE TABLE public.django_admin_log (
    id integer NOT NULL,
    action_time timestamp with time zone NOT NULL,
    object_id text,
    object_repr character varying(200) NOT NULL,
    action_flag smallint NOT NULL,
    change_message text NOT NULL,
    content_type_id integer,
    user_id integer NOT NULL,
    CONSTRAINT django_admin_log_action_flag_check CHECK ((action_flag >= 0))
);


ALTER TABLE public.django_admin_log OWNER TO postgres;

--
-- Name: django_admin_log_id_seq; Type: SEQUENCE; Schema: public; Owner: postgres
--

ALTER TABLE public.django_admin_log ALTER COLUMN id ADD GENERATED BY DEFAULT AS IDENTITY (
    SEQUENCE NAME public.django_admin_log_id_seq
    START WITH 1
    INCREMENT BY 1
    NO MINVALUE
    NO MAXVALUE
    CACHE 1
);


--
-- Name: django_content_type; Type: TABLE; Schema: public; Owner: postgres
--

CREATE TABLE public.django_content_type (
    id integer NOT NULL,
    app_label character varying(100) NOT NULL,
    model character varying(100) NOT NULL
);


ALTER TABLE public.django_content_type OWNER TO postgres;

--
-- Name: django_content_type_id_seq; Type: SEQUENCE; Schema: public; Owner: postgres
--

ALTER TABLE public.django_content_type ALTER COLUMN id ADD GENERATED BY DEFAULT AS IDENTITY (
    SEQUENCE NAME public.django_content_type_id_seq
    START WITH 1
    INCREMENT BY 1
    NO MINVALUE
    NO MAXVALUE
    CACHE 1
);


--
-- Name: django_migrations; Type: TABLE; Schema: public; Owner: postgres
--

CREATE TABLE public.django_migrations (
    id bigint NOT NULL,
    app character varying(255) NOT NULL,
    name character varying(255) NOT NULL,
    applied timestamp with time zone NOT NULL
);


ALTER TABLE public.django_migrations OWNER TO postgres;

--
-- Name: django_migrations_id_seq; Type: SEQUENCE; Schema: public; Owner: postgres
--

ALTER TABLE public.django_migrations ALTER COLUMN id ADD GENERATED BY DEFAULT AS IDENTITY (
    SEQUENCE NAME public.django_migrations_id_seq
    START WITH 1
    INCREMENT BY 1
    NO MINVALUE
    NO MAXVALUE
    CACHE 1
);


--
-- Name: django_session; Type: TABLE; Schema: public; Owner: postgres
--

CREATE TABLE public.django_session (
    session_key character varying(40) NOT NULL,
    session_data text NOT NULL,
    expire_date timestamp with time zone NOT NULL
);


ALTER TABLE public.django_session OWNER TO postgres;

--
-- Name: django_site; Type: TABLE; Schema: public; Owner: postgres
--

CREATE TABLE public.django_site (
    id integer NOT NULL,
    domain character varying(100) NOT NULL,
    name character varying(50) NOT NULL
);


ALTER TABLE public.django_site OWNER TO postgres;

--
-- Name: django_site_id_seq; Type: SEQUENCE; Schema: public; Owner: postgres
--

ALTER TABLE public.django_site ALTER COLUMN id ADD GENERATED BY DEFAULT AS IDENTITY (
    SEQUENCE NAME public.django_site_id_seq
    START WITH 1
    INCREMENT BY 1
    NO MINVALUE
    NO MAXVALUE
    CACHE 1
);


--
-- Name: payments_order; Type: TABLE; Schema: public; Owner: postgres
--

CREATE TABLE public.payments_order (
    id bigint NOT NULL,
    order_total numeric(10,2) NOT NULL,
    status character varying(50) NOT NULL,
    order_time timestamp with time zone NOT NULL,
    special_instructions text,
    delivery_address character varying(255),
    is_delivery boolean NOT NULL,
    order_type character varying(50) NOT NULL,
    tax numeric(10,2) NOT NULL,
    tip numeric(10,2) NOT NULL,
    created_at timestamp with time zone NOT NULL,
    updated_at timestamp with time zone NOT NULL,
    customer_id integer NOT NULL,
    restaurant_id bigint NOT NULL,
    promo_id bigint
);


ALTER TABLE public.payments_order OWNER TO postgres;

--
-- Name: payments_order_id_seq; Type: SEQUENCE; Schema: public; Owner: postgres
--

ALTER TABLE public.payments_order ALTER COLUMN id ADD GENERATED BY DEFAULT AS IDENTITY (
    SEQUENCE NAME public.payments_order_id_seq
    START WITH 1
    INCREMENT BY 1
    NO MINVALUE
    NO MAXVALUE
    CACHE 1
);


--
-- Name: payments_orderitem; Type: TABLE; Schema: public; Owner: postgres
--

CREATE TABLE public.payments_orderitem (
    id bigint NOT NULL,
    quantity integer NOT NULL,
    price numeric(10,2) NOT NULL,
    special_instructions text,
    menu_item_id bigint NOT NULL,
    order_id bigint NOT NULL,
    CONSTRAINT payments_orderitem_quantity_check CHECK ((quantity >= 0))
);


ALTER TABLE public.payments_orderitem OWNER TO postgres;

--
-- Name: payments_orderitem_id_seq; Type: SEQUENCE; Schema: public; Owner: postgres
--

ALTER TABLE public.payments_orderitem ALTER COLUMN id ADD GENERATED BY DEFAULT AS IDENTITY (
    SEQUENCE NAME public.payments_orderitem_id_seq
    START WITH 1
    INCREMENT BY 1
    NO MINVALUE
    NO MAXVALUE
    CACHE 1
);


--
-- Name: payments_payment; Type: TABLE; Schema: public; Owner: postgres
--

CREATE TABLE public.payments_payment (
    id bigint NOT NULL,
    payment_method character varying(50) NOT NULL,
    payment_status character varying(50) NOT NULL,
    transaction_id character varying(255) NOT NULL,
    amount_paid numeric(10,2) NOT NULL,
    payment_date timestamp with time zone NOT NULL,
    payment_gateway character varying(50) NOT NULL,
    created_at timestamp with time zone NOT NULL,
    updated_at timestamp with time zone NOT NULL,
    order_id bigint NOT NULL,
    refund_status character varying(50) NOT NULL,
    refund_id character varying(255)
);


ALTER TABLE public.payments_payment OWNER TO postgres;

--
-- Name: payments_payment_id_seq; Type: SEQUENCE; Schema: public; Owner: postgres
--

ALTER TABLE public.payments_payment ALTER COLUMN id ADD GENERATED BY DEFAULT AS IDENTITY (
    SEQUENCE NAME public.payments_payment_id_seq
    START WITH 1
    INCREMENT BY 1
    NO MINVALUE
    NO MAXVALUE
    CACHE 1
);


--
-- Name: payments_promousage; Type: TABLE; Schema: public; Owner: postgres
--

CREATE TABLE public.payments_promousage (
    id bigint NOT NULL,
    used_at timestamp with time zone NOT NULL,
    status character varying(20) NOT NULL,
    customer_id integer NOT NULL,
    promo_id bigint NOT NULL
);


ALTER TABLE public.payments_promousage OWNER TO postgres;

--
-- Name: payments_promousage_id_seq; Type: SEQUENCE; Schema: public; Owner: postgres
--

ALTER TABLE public.payments_promousage ALTER COLUMN id ADD GENERATED BY DEFAULT AS IDENTITY (
    SEQUENCE NAME public.payments_promousage_id_seq
    START WITH 1
    INCREMENT BY 1
    NO MINVALUE
    NO MAXVALUE
    CACHE 1
);


--
-- Data for Name: auth_group; Type: TABLE DATA; Schema: public; Owner: postgres
--

COPY public.auth_group (id, name) FROM stdin;
\.


--
-- Data for Name: auth_group_permissions; Type: TABLE DATA; Schema: public; Owner: postgres
--

COPY public.auth_group_permissions (id, group_id, permission_id) FROM stdin;
\.


--
-- Data for Name: auth_permission; Type: TABLE DATA; Schema: public; Owner: postgres
--

COPY public.auth_permission (id, name, content_type_id, codename) FROM stdin;
1	Can add log entry	1	add_logentry
2	Can change log entry	1	change_logentry
3	Can delete log entry	1	delete_logentry
4	Can view log entry	1	view_logentry
5	Can add permission	2	add_permission
6	Can change permission	2	change_permission
7	Can delete permission	2	delete_permission
8	Can view permission	2	view_permission
9	Can add group	3	add_group
10	Can change group	3	change_group
11	Can delete group	3	delete_group
12	Can view group	3	view_group
13	Can add user	4	add_user
14	Can change user	4	change_user
15	Can delete user	4	delete_user
16	Can view user	4	view_user
17	Can add content type	5	add_contenttype
18	Can change content type	5	change_contenttype
19	Can delete content type	5	delete_contenttype
20	Can view content type	5	view_contenttype
21	Can add session	6	add_session
22	Can change session	6	change_session
23	Can delete session	6	delete_session
24	Can view session	6	view_session
25	Can add Token	7	add_token
26	Can change Token	7	change_token
27	Can delete Token	7	delete_token
28	Can view Token	7	view_token
29	Can add Token	8	add_tokenproxy
30	Can change Token	8	change_tokenproxy
31	Can delete Token	8	delete_tokenproxy
32	Can view Token	8	view_tokenproxy
33	Can add restaurant	9	add_restaurant
34	Can change restaurant	9	change_restaurant
35	Can delete restaurant	9	delete_restaurant
36	Can view restaurant	9	view_restaurant
37	Can add promo	10	add_promo
38	Can change promo	10	change_promo
39	Can delete promo	10	delete_promo
40	Can view promo	10	view_promo
41	Can add menu	11	add_menu
42	Can change menu	11	change_menu
43	Can delete menu	11	delete_menu
44	Can view menu	11	view_menu
45	Can add user profile	12	add_userprofile
46	Can change user profile	12	change_userprofile
47	Can delete user profile	12	delete_userprofile
48	Can view user profile	12	view_userprofile
49	Can add restaurant image	13	add_restaurantimage
50	Can change restaurant image	13	change_restaurantimage
51	Can delete restaurant image	13	delete_restaurantimage
52	Can view restaurant image	13	view_restaurantimage
53	Can add site	14	add_site
54	Can change site	14	change_site
55	Can delete site	14	delete_site
56	Can view site	14	view_site
57	Can add addon option	15	add_addonoption
58	Can change addon option	15	change_addonoption
59	Can delete addon option	15	delete_addonoption
60	Can view addon option	15	view_addonoption
61	Can add addon category	16	add_addoncategory
62	Can change addon category	16	change_addoncategory
63	Can delete addon category	16	delete_addoncategory
64	Can view addon category	16	view_addoncategory
65	Can add order	17	add_order
66	Can change order	17	change_order
67	Can delete order	17	delete_order
68	Can view order	17	view_order
69	Can add order item	18	add_orderitem
70	Can change order item	18	change_orderitem
71	Can delete order item	18	delete_orderitem
72	Can view order item	18	view_orderitem
73	Can add payment	19	add_payment
74	Can change payment	19	change_payment
75	Can delete payment	19	delete_payment
76	Can view payment	19	view_payment
77	Can add category	20	add_category
78	Can change category	20	change_category
79	Can delete category	20	delete_category
80	Can view category	20	view_category
81	Can add expiring token	21	add_expiringtoken
82	Can change expiring token	21	change_expiringtoken
83	Can delete expiring token	21	delete_expiringtoken
84	Can view expiring token	21	view_expiringtoken
85	Can add promo usage	22	add_promousage
86	Can change promo usage	22	change_promousage
87	Can delete promo usage	22	delete_promousage
88	Can view promo usage	22	view_promousage
\.


--
-- Data for Name: auth_user; Type: TABLE DATA; Schema: public; Owner: postgres
--

COPY public.auth_user (id, password, last_login, is_superuser, username, first_name, last_name, email, is_staff, is_active, date_joined) FROM stdin;
2	pbkdf2_sha256$870000$XG1EBnN1BN5AlzU3RFLB1o$gtJFi0pc/imrQdUnfIcdKog2FsFSM9XfdLKbfyn9nOA=	\N	f	testuser			existingemail@example.com	f	t	2024-11-04 16:13:49.118568+08
3	pbkdf2_sha256$870000$wmBqVCYuflXNRg5qZQnA8B$21BzAXvZqQ/Q6Zevrffq7D1RFPikqdYT/akhiTxslnc=	\N	f	bomiku			mico.dahang1@gmail.com	f	t	2024-11-04 16:14:37.04815+08
4	pbkdf2_sha256$870000$6DMe10qQ1KLf1h00goKMz5$bJ43tGe3OXJ76nxgrUivxWIj1A9oVpKG+P7PpAR/zD4=	\N	f	miku			mico@countable.ca	f	t	2024-11-04 16:26:54.450026+08
5	pbkdf2_sha256$870000$8mEbjDJk6McMApfjCseqMO$DpVO21AIN9p34xiK1cxyOf80CaVmNVgf8B65TtUumaM=	\N	f	lol			mico1@countable.ca	f	t	2024-11-04 16:30:21.998917+08
6	pbkdf2_sha256$870000$6CvKL1WszR9c0iz4urRz47$DZjY6Qhmz2itGZD9ZxSLpbYXbH9ctbXtFkYt3FV1IZQ=	\N	f	bomiku2			micog@countable.ca	f	t	2024-11-04 16:40:56.056779+08
7	pbkdf2_sha256$870000$U4HVamPYj4C4r6ET4W6aaJ$p/CXt7EBqsG5NuVDMNv408hnBfx0a60r+kQTtb1Y4CA=	\N	f	testuser12			testuser1@example.com	f	t	2024-11-04 16:46:22.119692+08
8	pbkdf2_sha256$870000$cmbmbxPVh3tsBzzGoTRMym$WzXn+6uXhNLPKsC2mLHZNuqe2geR/mQcPqT3zS2fhfA=	\N	f	bomiku4			mico3@countable.ca	f	t	2024-11-04 17:04:57.899995+08
1	pbkdf2_sha256$870000$TRHluA1nzzkho7l0YLpbVx$Dur4Z1UGGqXuZHn8fgbmFdy8ygzhLbraemjTeoZ5WFk=	2024-11-20 14:51:25.918711+08	t	bomiku1	Mico	Ang	mico.dahang@gmail.com	t	t	2024-10-08 06:23:21+08
\.


--
-- Data for Name: auth_user_groups; Type: TABLE DATA; Schema: public; Owner: postgres
--

COPY public.auth_user_groups (id, user_id, group_id) FROM stdin;
\.


--
-- Data for Name: auth_user_user_permissions; Type: TABLE DATA; Schema: public; Owner: postgres
--

COPY public.auth_user_user_permissions (id, user_id, permission_id) FROM stdin;
\.


--
-- Data for Name: authtoken_token; Type: TABLE DATA; Schema: public; Owner: postgres
--

COPY public.authtoken_token (key, created, user_id) FROM stdin;
f249199ad0ef5f53546425a61fda48f67685a4f3	2024-11-04 16:13:49.322636+08	2
7fd3d03db768b8704f53516aa821b2569d184770	2024-11-04 17:05:29.070313+08	8
\.


--
-- Data for Name: core_addoncategory; Type: TABLE DATA; Schema: public; Owner: postgres
--

COPY public.core_addoncategory (id, name, required, max_selections, menu_id) FROM stdin;
\.


--
-- Data for Name: core_addonoption; Type: TABLE DATA; Schema: public; Owner: postgres
--

COPY public.core_addonoption (id, name, price, category_id, menu_item_id) FROM stdin;
\.


--
-- Data for Name: core_category; Type: TABLE DATA; Schema: public; Owner: postgres
--

COPY public.core_category (id, name, description, image, category_type, priority_index) FROM stdin;
1	Filipino Cuisine	This is Filipino	category_images/images_1.jpeg	menu	\N
2	Fast Food Dining	This is fast food	category_images/images.jpeg	restaurant	1
3	Italian	Italian cuisine is renowned for its use of fresh ingredients and simple yet flavorful dishes. Signature items include pasta dishes like spaghetti, often served with tomato sauces, and various kinds of pasta like lasagna and ravioli.	category_images/italian.jpg	menu	\N
4	Indian	Rich in spices and bold flavors, Indian cuisine features iconic dishes like Paneer Butter Masala and Butter Chicken, characterized by creamy, buttery gravies with aromatic spices, typically served with naan or rice.	category_images/indian.jpg	menu	\N
5	Chinese	Chinese cuisine is diverse and varies by region, featuring stir-fries, noodles, dumplings, and rice dishes. Dishes like sweet and sour pork, kung pao chicken, and Peking duck are globally recognized.	category_images/chinese.jpg	menu	\N
6	American	American cuisine blends influences from various cultures, with popular items like burgers, steaks, and BBQ. It also includes comfort foods such as mac and cheese, fried chicken, and apple pie.	category_images/american.jpg	menu	\N
7	Japanese	Japanese cuisine emphasizes fresh, seasonal ingredients with minimal cooking. Sushi, made with vinegared rice and fresh seafood, is one of its most famous dishes, alongside ramen, tempura, and sashimi.	category_images/japanese.jpg	menu	\N
8	Fast Food	Fast food restaurants serve quick, inexpensive meals, often focused on convenience. They typically have limited menus that feature items like burgers, fries, pizza, and sandwiches.	category_images/fastfood.jpg	restaurant	\N
9	Casual Dining	Casual dining restaurants offer a relaxed atmosphere with table service, but they are more affordable and informal than fine dining. The menu is often diverse, featuring dishes like burgers, pasta, and salads.	category_images/casual.jpg	restaurant	\N
10	Fine Dining	Fine dining restaurants are upscale establishments that provide an elegant atmosphere, exceptional service, and high-quality, gourmet meals. These restaurants often have a dress code and a more expensive menu.	category_images/fine_dining.png	restaurant	\N
\.


--
-- Data for Name: core_menu; Type: TABLE DATA; Schema: public; Owner: postgres
--

COPY public.core_menu (id, name, description, cost, status, restaurant_id, image, priority_index, category_id) FROM stdin;
1	Spaghetti Marinara	Classic spaghetti served with a rich marinara sauce made from ripe tomatoes, garlic, and fresh basil.	12.99	active	1		\N	3
2	Margherita Pizza	Traditional Italian pizza topped with fresh mozzarella, tomatoes, and basil on a crispy thin crust.	14.99	active	1		\N	3
3	Paneer Butter Masala	Cubes of fresh paneer simmered in a creamy, buttery tomato sauce infused with Indian spices.	10.99	active	2		\N	4
4	Butter Chicken	Juicy chicken cooked in a rich and creamy butter sauce with a blend of Indian spices and herbs.	12.99	active	2		\N	4
5	California Roll	Crab, avocado, and cucumber wrapped in seasoned rice and nori, served with soy sauce and wasabi.	8.90	active	3		\N	7
6	Salmon Sashimi	Fresh, thinly sliced salmon served with a side of soy sauce and pickled ginger.	10.99	active	3		\N	7
\.


--
-- Data for Name: core_promo; Type: TABLE DATA; Schema: public; Owner: postgres
--

COPY public.core_promo (id, name, description, discount, status, restaurant_id, discount_type, end_date, start_date, usage_limit, menu_id, usage_count, code, image, minimum_order, priority_index, target_audience, time_offer) FROM stdin;
1	Lunch Special	Get 15% off on all items during lunch hours.	15.00	active	1	percentage	\N	\N	1	\N	0	\N	\N	\N	\N	\N	{"Friday": "9:00AM – 3:00PM", "Monday": "9:00AM – 3:00PM", "Sunday": "Closed", "Tuesday": "9:00AM – 3:00PM", "Saturday": "Closed", "Thursday": "9:00AM – 3:00PM", "Wednesday": "9:00AM – 3:00PM"}
2	Family Feast	20% discount on orders over $50.	20.00	active	1	percentage	\N	\N	1	\N	0	\N	\N	\N	\N	\N	{"Friday": "9:00AM – 3:00PM", "Monday": "9:00AM – 3:00PM", "Sunday": "Closed", "Tuesday": "9:00AM – 3:00PM", "Saturday": "Closed", "Thursday": "9:00AM – 3:00PM", "Wednesday": "9:00AM – 3:00PM"}
3	Happy Hour Special	50% off on all drinks during happy hour.	50.00	active	2	percentage	\N	\N	\N	\N	0	\N	\N	\N	\N	\N	{"Friday": "9:00AM – 3:00PM", "Monday": "9:00AM – 3:00PM", "Sunday": "Closed", "Tuesday": "9:00AM – 3:00PM", "Saturday": "Closed", "Thursday": "9:00AM – 3:00PM", "Wednesday": "9:00AM – 3:00PM"}
4	Weekend Brunch Discount	10% off on brunch items on weekends.	10.00	active	2	percentage	\N	\N	\N	\N	0	\N	\N	\N	\N	\N	{"Friday": "9:00AM – 3:00PM", "Monday": "9:00AM – 3:00PM", "Sunday": "Closed", "Tuesday": "9:00AM – 3:00PM", "Saturday": "Closed", "Thursday": "9:00AM – 3:00PM", "Wednesday": "9:00AM – 3:00PM"}
5	Dinner for Two	30% off when you order two main courses.	30.00	active	3	percentage	\N	\N	\N	\N	0	\N	\N	\N	\N	\N	{"Friday": "9:00AM – 3:00PM", "Monday": "9:00AM – 3:00PM", "Sunday": "Closed", "Tuesday": "9:00AM – 3:00PM", "Saturday": "Closed", "Thursday": "9:00AM – 3:00PM", "Wednesday": "9:00AM – 3:00PM"}
6	Student Discount	10% off for students with a valid student ID.	11.00	active	\N	fixed	\N	\N	\N	3	0	\N	\N	\N	\N	\N	{"Friday": "9:00AM – 3:00PM", "Monday": "9:00AM – 3:00PM", "Sunday": "Closed", "Tuesday": "9:00AM – 3:00PM", "Saturday": "Closed", "Thursday": "9:00AM – 3:00PM", "Wednesday": "9:00AM – 3:00PM"}
\.


--
-- Data for Name: core_restaurant; Type: TABLE DATA; Schema: public; Owner: postgres
--

COPY public.core_restaurant (id, name, image, location, coordinates, telephone, ratings, description, status, owner_id, operating_hours, priority_index, city, email, province, social_media_links, service_type, slug) FROM stdin;
2	Spice Haven	restaurant_images/restaurant2.webp	456 Curry Avenue, Chicago, IL 60605	0101000020E6100000274EEE7728E855C09D11A5BDC1EF4440	+1-312-555-5678	4.7	Spice Haven serves traditional Indian dishes with a focus on bold spices and authentic flavors.	active	1	{"Friday": "11:00AM – 11:30PM", "Monday": "11:00AM – 10:00PM", "Sunday": "12:00PM – 9:00PM", "Tuesday": "11:00AM – 10:00PM", "Saturday": "12:00PM – 11:30PM", "Thursday": "11:00AM – 10:00PM", "Wednesday": "11:00AM – 10:00PM"}	1	\N	\N	\N	{"fb": "", "twitter": "", "linkedin": "", "instagram": ""}	both	\N
3	The Sushi Spot	restaurant_images/restaurant3.webp	789 Sushi Lane, Los Angeles, CA 90012	0101000020E6100000EF01BA2F678F5DC053EBFD463B064140	+1-213-555-9876	4	The Sushi Spot offers a modern sushi experience with fresh ingredients and innovative rolls.	active	1	{"Friday": "12:00PM – 10:00PM", "Monday": "12:00PM – 9:00PM", "Sunday": "Closed", "Tuesday": "12:00PM – 9:00PM", "Saturday": "1:00PM – 10:00PM", "Thursday": "12:00PM – 9:00PM", "Wednesday": "12:00PM – 9:00PM"}	3	\N	\N	\N	{"fb": "", "twitter": "", "linkedin": "", "instagram": ""}	both	\N
1	Bella Italia	restaurant_images/restaurant1.webp	123 Rome Street, New York, NY 10001	0101000020E6100000026729594E7F52C094675E0EBB5F4440	+1-212-555-1234	4.5	Bella Italia offers authentic Italian cuisine with a modern twist, located in the heart of New York City.	active	3	{"Friday": "10:00AM – 11:00PM", "Monday": "10:00AM – 9:00PM", "Sunday": "Closed", "Tuesday": "10:00AM – 9:00PM", "Saturday": "11:00AM – 11:00PM", "Thursday": "10:00AM – 9:00PM", "Wednesday": "10:00AM – 9:00PM"}	1	\N	\N	\N	{"fb": "", "twitter": "", "linkedin": "", "instagram": ""}	both	\N
\.


--
-- Data for Name: core_restaurant_categories; Type: TABLE DATA; Schema: public; Owner: postgres
--

COPY public.core_restaurant_categories (id, restaurant_id, category_id) FROM stdin;
1	3	8
2	3	2
\.


--
-- Data for Name: core_restaurantimage; Type: TABLE DATA; Schema: public; Owner: postgres
--

COPY public.core_restaurantimage (id, image, caption, menu_id, restaurant_id) FROM stdin;
1	images/italian1.webp	Spaghetti Marinara	1	\N
2	images/italian2.webp	\N	2	\N
3	images/indian1.webp	\N	3	\N
4	images/indian2.webp	\N	4	\N
5	images/jap1.webp	\N	5	\N
6	images/jap2.webp	\N	6	\N
\.


--
-- Data for Name: core_userprofile; Type: TABLE DATA; Schema: public; Owner: postgres
--

COPY public.core_userprofile (id, phone, address, city, image, user_id, email, type_of_user) FROM stdin;
1	09994827961	5TH STREET, VINZON TORRES, BARYO OBRERO	DAVAO CITY		1	mico.dahang@gmail.com	restaurant_owner
2	1234567890				2	\N	customer
6	099948279611				6	\N	customer
7	12345678901				7	\N	customer
8	099948279614				8	\N	customer
\.


--
-- Data for Name: django_admin_log; Type: TABLE DATA; Schema: public; Owner: postgres
--

COPY public.django_admin_log (id, action_time, object_id, object_repr, action_flag, change_message, content_type_id, user_id) FROM stdin;
1	2024-10-22 21:45:29.878208+08	1	Filipino Cuisine (Menu)	1	[{"added": {}}]	20	1
2	2024-10-22 21:57:56.22838+08	2	Fast Food Dining (Restaurant)	1	[{"added": {}}]	20	1
3	2024-10-22 23:03:00.79724+08	3	Italian (Menu)	1	[{"added": {}}]	20	1
4	2024-10-22 23:03:18.799899+08	4	Indian (Menu)	1	[{"added": {}}]	20	1
5	2024-10-22 23:03:33.765399+08	5	Chinese (Menu)	1	[{"added": {}}]	20	1
6	2024-10-22 23:03:47.959779+08	6	American (Menu)	1	[{"added": {}}]	20	1
7	2024-10-22 23:04:03.761374+08	7	Japanese (Menu)	1	[{"added": {}}]	20	1
8	2024-10-22 23:06:26.424541+08	8	Fast Food (Restaurant)	1	[{"added": {}}]	20	1
9	2024-10-22 23:07:20.458464+08	9	Casual Dining (Restaurant)	1	[{"added": {}}]	20	1
10	2024-10-22 23:08:04.744894+08	10	Fine Dining (Restaurant)	1	[{"added": {}}]	20	1
11	2024-10-22 23:14:45.785257+08	1	Bella Italia	1	[{"added": {}}]	9	1
12	2024-10-22 23:15:53.520332+08	2	Spice Haven	1	[{"added": {}}]	9	1
13	2024-10-22 23:17:02.5304+08	3	The Sushi Spot	1	[{"added": {}}]	9	1
14	2024-10-22 23:20:40.448675+08	1	Spaghetti Marinara	1	[{"added": {}}, {"added": {"name": "restaurant image", "object": "Image for menu: Spaghetti Marinara"}}]	11	1
15	2024-10-22 23:21:43.962401+08	2	Margherita Pizza	1	[{"added": {}}, {"added": {"name": "restaurant image", "object": "Image for menu: Margherita Pizza"}}]	11	1
16	2024-10-22 23:23:02.171359+08	3	Paneer Butter Masala	1	[{"added": {}}, {"added": {"name": "restaurant image", "object": "Image for menu: Paneer Butter Masala"}}]	11	1
17	2024-10-22 23:23:43.761567+08	4	Butter Chicken	1	[{"added": {}}, {"added": {"name": "restaurant image", "object": "Image for menu: Butter Chicken"}}]	11	1
18	2024-10-22 23:24:37.99589+08	5	California Roll	1	[{"added": {}}, {"added": {"name": "restaurant image", "object": "Image for menu: California Roll"}}]	11	1
19	2024-10-22 23:25:07.60888+08	6	Salmon Sashimi	1	[{"added": {}}, {"added": {"name": "restaurant image", "object": "Image for menu: Salmon Sashimi"}}]	11	1
20	2024-10-29 22:19:12.694854+08	3	The Sushi Spot	2	[{"changed": {"fields": ["Categories"]}}]	9	1
21	2024-10-29 22:29:55.794424+08	1	Lunch Special	1	[{"added": {}}]	10	1
22	2024-10-29 22:30:39.426518+08	2	Family Feast	1	[{"added": {}}]	10	1
23	2024-10-29 22:31:11.436244+08	3	Happy Hour Special	1	[{"added": {}}]	10	1
24	2024-10-29 22:31:28.291206+08	4	Weekend Brunch Discount	1	[{"added": {}}]	10	1
25	2024-10-29 22:31:50.596995+08	5	Dinner for Two	1	[{"added": {}}]	10	1
26	2024-10-29 22:32:04.501941+08	6	Student Discount	1	[{"added": {}}]	10	1
27	2024-11-04 14:34:28.032376+08	1	bomiku1	2	[{"added": {"name": "user profile", "object": "bomiku1"}}]	4	1
28	2024-11-04 19:48:03.101125+08	1	97316b5dc040d017ad8675d307bb6f3bf8481f37	3		8	1
29	2024-11-11 15:54:11.530494+08	1	bomiku1	2	[{"changed": {"fields": ["First name", "Last name"]}}]	4	1
30	2024-11-11 21:44:39.138285+08	1	Bella Italia	2	[{"changed": {"fields": ["Owner"]}}]	9	1
31	2024-11-19 18:35:30.542581+08	6	Student Discount	2	[{"changed": {"fields": ["Restaurant", "Menu"]}}]	10	1
32	2024-11-19 18:36:17.484662+08	6	Student Discount	2	[{"changed": {"fields": ["Discount", "Discount type"]}}]	10	1
33	2024-11-19 18:36:45.164294+08	6	Student Discount	2	[{"changed": {"fields": ["Discount"]}}]	10	1
\.


--
-- Data for Name: django_content_type; Type: TABLE DATA; Schema: public; Owner: postgres
--

COPY public.django_content_type (id, app_label, model) FROM stdin;
1	admin	logentry
2	auth	permission
3	auth	group
4	auth	user
5	contenttypes	contenttype
6	sessions	session
7	authtoken	token
8	authtoken	tokenproxy
9	core	restaurant
10	core	promo
11	core	menu
12	core	userprofile
13	core	restaurantimage
14	sites	site
15	core	addonoption
16	core	addoncategory
17	payments	order
18	payments	orderitem
19	payments	payment
20	core	category
21	core	expiringtoken
22	payments	promousage
\.


--
-- Data for Name: django_migrations; Type: TABLE DATA; Schema: public; Owner: postgres
--

COPY public.django_migrations (id, app, name, applied) FROM stdin;
1	contenttypes	0001_initial	2024-10-08 06:22:52.779022+08
2	auth	0001_initial	2024-10-08 06:22:52.861815+08
3	admin	0001_initial	2024-10-08 06:22:52.883469+08
4	admin	0002_logentry_remove_auto_add	2024-10-08 06:22:52.889675+08
5	admin	0003_logentry_add_action_flag_choices	2024-10-08 06:22:52.896371+08
6	contenttypes	0002_remove_content_type_name	2024-10-08 06:22:52.911259+08
7	auth	0002_alter_permission_name_max_length	2024-10-08 06:22:52.918525+08
8	auth	0003_alter_user_email_max_length	2024-10-08 06:22:52.927502+08
9	auth	0004_alter_user_username_opts	2024-10-08 06:22:52.935093+08
10	auth	0005_alter_user_last_login_null	2024-10-08 06:22:52.942742+08
11	auth	0006_require_contenttypes_0002	2024-10-08 06:22:52.944762+08
12	auth	0007_alter_validators_add_error_messages	2024-10-08 06:22:52.950363+08
13	auth	0008_alter_user_username_max_length	2024-10-08 06:22:52.961772+08
14	auth	0009_alter_user_last_name_max_length	2024-10-08 06:22:52.968708+08
15	auth	0010_alter_group_name_max_length	2024-10-08 06:22:52.975829+08
16	auth	0011_update_proxy_permissions	2024-10-08 06:22:52.982177+08
17	auth	0012_alter_user_first_name_max_length	2024-10-08 06:22:52.990092+08
18	authtoken	0001_initial	2024-10-08 06:22:53.010315+08
19	authtoken	0002_auto_20160226_1747	2024-10-08 06:22:53.024429+08
20	authtoken	0003_tokenproxy	2024-10-08 06:22:53.027569+08
21	authtoken	0004_alter_tokenproxy_options	2024-10-08 06:22:53.031392+08
22	core	0001_initial	2024-10-08 06:22:53.105742+08
23	core	0002_menu_image_promo_image	2024-10-08 06:22:53.116+08
24	core	0003_restaurantimage	2024-10-08 06:22:53.146032+08
25	core	0004_remove_restaurant_opening_hours_promo_priority_index_and_more	2024-10-08 06:22:53.179456+08
26	core	0005_menu_priority_index	2024-10-08 06:22:53.185641+08
27	core	0006_alter_restaurant_coordinates	2024-10-08 06:22:53.204977+08
28	sessions	0001_initial	2024-10-08 06:22:53.222115+08
29	sites	0001_initial	2024-10-08 06:22:53.228883+08
30	sites	0002_alter_domain_unique	2024-10-08 06:22:53.239811+08
31	core	0007_remove_restaurantimage_content_type_and_more	2024-10-14 22:27:06.074578+08
32	core	0008_addoncategory_addonoption	2024-10-14 22:41:04.36468+08
33	core	0009_addonoption_menu_item_alter_addonoption_name	2024-10-14 23:32:04.522178+08
34	payments	0001_initial	2024-10-15 05:36:24.294608+08
35	core	0010_category_menu_category_restaurant_category	2024-10-22 21:42:15.094823+08
36	core	0011_remove_restaurant_restaurant_type	2024-10-22 21:57:20.07282+08
37	core	0012_promo_code_promo_discount_type_promo_end_date_and_more	2024-10-29 16:41:25.524655+08
38	core	0013_remove_restaurant_category_restaurant_categories_and_more	2024-10-29 17:41:52.387321+08
39	core	0014_rename_picture_userprofile_image_and_more	2024-11-04 14:02:17.728315+08
40	core	0015_expiringtoken	2024-11-04 14:55:37.152243+08
41	core	0016_promo_menu_restaurant_slug_alter_promo_restaurant	2024-11-19 18:30:41.482937+08
42	core	0017_remove_promo_code_remove_promo_image_and_more	2024-11-19 19:51:34.909287+08
43	payments	0002_remove_order_addon_options_and_more	2024-11-19 19:51:35.085966+08
44	core	0018_promo_code_promo_image_promo_minimum_order_and_more	2024-11-19 20:36:17.665978+08
45	payments	0003_payment_refund_id	2024-11-19 22:54:01.648555+08
\.


--
-- Data for Name: django_session; Type: TABLE DATA; Schema: public; Owner: postgres
--

COPY public.django_session (session_key, session_data, expire_date) FROM stdin;
60jthgbmuib1eir25mtqz6jbhjjsne5f	.eJxVjDsOwjAQBe_iGllrE_8o6XOGaL27wgFkS3FSIe4OkVJA-2bmvdSE21qmrcsyzawuyqjT75aRHlJ3wHest6ap1XWZs94VfdCux8byvB7u30HBXr41Go4ZgCmDNxbYRHHW-wAiHh27gazQEIJ3lNiTA2MlxwTRDnDGFNX7A9oXNzQ:1sxw8T:hDqPFp7m2L3j08V_WlWDVhxOmDBU5nfnC-GZrObnCro	2024-10-22 06:23:25.61443+08
kojphzdxbv3bhn6bo7ltmiqmtz3o329k	.eJxVjDsOwjAQBe_iGllrE_8o6XOGaL27wgFkS3FSIe4OkVJA-2bmvdSE21qmrcsyzawuyqjT75aRHlJ3wHest6ap1XWZs94VfdCux8byvB7u30HBXr41Go4ZgCmDNxbYRHHW-wAiHh27gazQEIJ3lNiTA2MlxwTRDnDGFNX7A9oXNzQ:1t0E4b:eS-K7uAyJGRUab499JVrR1MBMTevX34Csy3bmfqXPeU	2024-10-28 13:56:53.353404+08
cuhr31by0o681j90oqia1jl7gachkbda	.eJxVjDsOwjAQBe_iGllrE_8o6XOGaL27wgFkS3FSIe4OkVJA-2bmvdSE21qmrcsyzawuyqjT75aRHlJ3wHest6ap1XWZs94VfdCux8byvB7u30HBXr41Go4ZgCmDNxbYRHHW-wAiHh27gazQEIJ3lNiTA2MlxwTRDnDGFNX7A9oXNzQ:1t7vaL:0yKEZvHUwyYHVcOGuRmrlZR7lPijzkNQX_4i09LGrcY	2024-11-18 19:49:29.77503+08
yxj7r2h28gnn7u6voju7n4c4odhqsozx	.eJxVjDsOwjAQBe_iGllrE_8o6XOGaL27wgFkS3FSIe4OkVJA-2bmvdSE21qmrcsyzawuyqjT75aRHlJ3wHest6ap1XWZs94VfdCux8byvB7u30HBXr41Go4ZgCmDNxbYRHHW-wAiHh27gazQEIJ3lNiTA2MlxwTRDnDGFNX7A9oXNzQ:1tDJbj:tqq7Bs6cuhkr-UffyN5hb3dFxw2-cKCe11XL4voh05M	2024-12-03 16:29:11.18542+08
mg0c598hdnke707i4l9srnhe361v6zm4	.eJxVjDsOwjAQBe_iGllrE_8o6XOGaL27wgFkS3FSIe4OkVJA-2bmvdSE21qmrcsyzawuyqjT75aRHlJ3wHest6ap1XWZs94VfdCux8byvB7u30HBXr41Go4ZgCmDNxbYRHHW-wAiHh27gazQEIJ3lNiTA2MlxwTRDnDGFNX7A9oXNzQ:1tDeYf:g3ashcuzXlJIfOyIODLqPWi5b-UWV3eHWkTcYI_yW0A	2024-12-04 14:51:25.923194+08
\.


--
-- Data for Name: django_site; Type: TABLE DATA; Schema: public; Owner: postgres
--

COPY public.django_site (id, domain, name) FROM stdin;
1	example.com	example.com
\.


--
-- Data for Name: payments_order; Type: TABLE DATA; Schema: public; Owner: postgres
--

COPY public.payments_order (id, order_total, status, order_time, special_instructions, delivery_address, is_delivery, order_type, tax, tip, created_at, updated_at, customer_id, restaurant_id, promo_id) FROM stdin;
1	50.00	pending	2024-11-19 21:38:12.099562+08	\N	123 Main Street	t	delivery	5.00	3.00	2024-11-19 21:38:12.099599+08	2024-11-19 21:38:12.099603+08	1	1	2
\.


--
-- Data for Name: payments_orderitem; Type: TABLE DATA; Schema: public; Owner: postgres
--

COPY public.payments_orderitem (id, quantity, price, special_instructions, menu_item_id, order_id) FROM stdin;
1	2	12.99	Extra cheese	1	1
2	1	14.99		2	1
\.


--
-- Data for Name: payments_payment; Type: TABLE DATA; Schema: public; Owner: postgres
--

COPY public.payments_payment (id, payment_method, payment_status, transaction_id, amount_paid, payment_date, payment_gateway, created_at, updated_at, order_id, refund_status, refund_id) FROM stdin;
1	credit_card	pending	txn_123456789	50.00	2024-11-19 21:38:12.111462+08	manual	2024-11-19 21:38:12.111469+08	2024-11-19 21:38:12.111473+08	1	not_requested	\N
\.


--
-- Data for Name: payments_promousage; Type: TABLE DATA; Schema: public; Owner: postgres
--

COPY public.payments_promousage (id, used_at, status, customer_id, promo_id) FROM stdin;
1	2024-11-19 21:38:12.110636+08	pending	1	2
\.


--
-- Data for Name: spatial_ref_sys; Type: TABLE DATA; Schema: public; Owner: postgres
--

COPY public.spatial_ref_sys (srid, auth_name, auth_srid, srtext, proj4text) FROM stdin;
\.


--
-- Name: auth_group_id_seq; Type: SEQUENCE SET; Schema: public; Owner: postgres
--

SELECT pg_catalog.setval('public.auth_group_id_seq', 1, false);


--
-- Name: auth_group_permissions_id_seq; Type: SEQUENCE SET; Schema: public; Owner: postgres
--

SELECT pg_catalog.setval('public.auth_group_permissions_id_seq', 1, false);


--
-- Name: auth_permission_id_seq; Type: SEQUENCE SET; Schema: public; Owner: postgres
--

SELECT pg_catalog.setval('public.auth_permission_id_seq', 88, true);


--
-- Name: auth_user_groups_id_seq; Type: SEQUENCE SET; Schema: public; Owner: postgres
--

SELECT pg_catalog.setval('public.auth_user_groups_id_seq', 1, false);


--
-- Name: auth_user_id_seq; Type: SEQUENCE SET; Schema: public; Owner: postgres
--

SELECT pg_catalog.setval('public.auth_user_id_seq', 8, true);


--
-- Name: auth_user_user_permissions_id_seq; Type: SEQUENCE SET; Schema: public; Owner: postgres
--

SELECT pg_catalog.setval('public.auth_user_user_permissions_id_seq', 1, false);


--
-- Name: core_addoncategory_id_seq; Type: SEQUENCE SET; Schema: public; Owner: postgres
--

SELECT pg_catalog.setval('public.core_addoncategory_id_seq', 1, false);


--
-- Name: core_addonoption_id_seq; Type: SEQUENCE SET; Schema: public; Owner: postgres
--

SELECT pg_catalog.setval('public.core_addonoption_id_seq', 1, false);


--
-- Name: core_category_id_seq; Type: SEQUENCE SET; Schema: public; Owner: postgres
--

SELECT pg_catalog.setval('public.core_category_id_seq', 10, true);


--
-- Name: core_menu_id_seq; Type: SEQUENCE SET; Schema: public; Owner: postgres
--

SELECT pg_catalog.setval('public.core_menu_id_seq', 6, true);


--
-- Name: core_promo_id_seq; Type: SEQUENCE SET; Schema: public; Owner: postgres
--

SELECT pg_catalog.setval('public.core_promo_id_seq', 6, true);


--
-- Name: core_restaurant_categories_id_seq; Type: SEQUENCE SET; Schema: public; Owner: postgres
--

SELECT pg_catalog.setval('public.core_restaurant_categories_id_seq', 2, true);


--
-- Name: core_restaurant_id_seq; Type: SEQUENCE SET; Schema: public; Owner: postgres
--

SELECT pg_catalog.setval('public.core_restaurant_id_seq', 3, true);


--
-- Name: core_restaurantimage_id_seq; Type: SEQUENCE SET; Schema: public; Owner: postgres
--

SELECT pg_catalog.setval('public.core_restaurantimage_id_seq', 6, true);


--
-- Name: core_userprofile_id_seq; Type: SEQUENCE SET; Schema: public; Owner: postgres
--

SELECT pg_catalog.setval('public.core_userprofile_id_seq', 8, true);


--
-- Name: django_admin_log_id_seq; Type: SEQUENCE SET; Schema: public; Owner: postgres
--

SELECT pg_catalog.setval('public.django_admin_log_id_seq', 33, true);


--
-- Name: django_content_type_id_seq; Type: SEQUENCE SET; Schema: public; Owner: postgres
--

SELECT pg_catalog.setval('public.django_content_type_id_seq', 22, true);


--
-- Name: django_migrations_id_seq; Type: SEQUENCE SET; Schema: public; Owner: postgres
--

SELECT pg_catalog.setval('public.django_migrations_id_seq', 45, true);


--
-- Name: django_site_id_seq; Type: SEQUENCE SET; Schema: public; Owner: postgres
--

SELECT pg_catalog.setval('public.django_site_id_seq', 1, true);


--
-- Name: payments_order_id_seq; Type: SEQUENCE SET; Schema: public; Owner: postgres
--

SELECT pg_catalog.setval('public.payments_order_id_seq', 1, true);


--
-- Name: payments_orderitem_id_seq; Type: SEQUENCE SET; Schema: public; Owner: postgres
--

SELECT pg_catalog.setval('public.payments_orderitem_id_seq', 2, true);


--
-- Name: payments_payment_id_seq; Type: SEQUENCE SET; Schema: public; Owner: postgres
--

SELECT pg_catalog.setval('public.payments_payment_id_seq', 1, true);


--
-- Name: payments_promousage_id_seq; Type: SEQUENCE SET; Schema: public; Owner: postgres
--

SELECT pg_catalog.setval('public.payments_promousage_id_seq', 1, true);


--
-- Name: auth_group auth_group_name_key; Type: CONSTRAINT; Schema: public; Owner: postgres
--

ALTER TABLE ONLY public.auth_group
    ADD CONSTRAINT auth_group_name_key UNIQUE (name);


--
-- Name: auth_group_permissions auth_group_permissions_group_id_permission_id_0cd325b0_uniq; Type: CONSTRAINT; Schema: public; Owner: postgres
--

ALTER TABLE ONLY public.auth_group_permissions
    ADD CONSTRAINT auth_group_permissions_group_id_permission_id_0cd325b0_uniq UNIQUE (group_id, permission_id);


--
-- Name: auth_group_permissions auth_group_permissions_pkey; Type: CONSTRAINT; Schema: public; Owner: postgres
--

ALTER TABLE ONLY public.auth_group_permissions
    ADD CONSTRAINT auth_group_permissions_pkey PRIMARY KEY (id);


--
-- Name: auth_group auth_group_pkey; Type: CONSTRAINT; Schema: public; Owner: postgres
--

ALTER TABLE ONLY public.auth_group
    ADD CONSTRAINT auth_group_pkey PRIMARY KEY (id);


--
-- Name: auth_permission auth_permission_content_type_id_codename_01ab375a_uniq; Type: CONSTRAINT; Schema: public; Owner: postgres
--

ALTER TABLE ONLY public.auth_permission
    ADD CONSTRAINT auth_permission_content_type_id_codename_01ab375a_uniq UNIQUE (content_type_id, codename);


--
-- Name: auth_permission auth_permission_pkey; Type: CONSTRAINT; Schema: public; Owner: postgres
--

ALTER TABLE ONLY public.auth_permission
    ADD CONSTRAINT auth_permission_pkey PRIMARY KEY (id);


--
-- Name: auth_user_groups auth_user_groups_pkey; Type: CONSTRAINT; Schema: public; Owner: postgres
--

ALTER TABLE ONLY public.auth_user_groups
    ADD CONSTRAINT auth_user_groups_pkey PRIMARY KEY (id);


--
-- Name: auth_user_groups auth_user_groups_user_id_group_id_94350c0c_uniq; Type: CONSTRAINT; Schema: public; Owner: postgres
--

ALTER TABLE ONLY public.auth_user_groups
    ADD CONSTRAINT auth_user_groups_user_id_group_id_94350c0c_uniq UNIQUE (user_id, group_id);


--
-- Name: auth_user auth_user_pkey; Type: CONSTRAINT; Schema: public; Owner: postgres
--

ALTER TABLE ONLY public.auth_user
    ADD CONSTRAINT auth_user_pkey PRIMARY KEY (id);


--
-- Name: auth_user_user_permissions auth_user_user_permissions_pkey; Type: CONSTRAINT; Schema: public; Owner: postgres
--

ALTER TABLE ONLY public.auth_user_user_permissions
    ADD CONSTRAINT auth_user_user_permissions_pkey PRIMARY KEY (id);


--
-- Name: auth_user_user_permissions auth_user_user_permissions_user_id_permission_id_14a6b632_uniq; Type: CONSTRAINT; Schema: public; Owner: postgres
--

ALTER TABLE ONLY public.auth_user_user_permissions
    ADD CONSTRAINT auth_user_user_permissions_user_id_permission_id_14a6b632_uniq UNIQUE (user_id, permission_id);


--
-- Name: auth_user auth_user_username_key; Type: CONSTRAINT; Schema: public; Owner: postgres
--

ALTER TABLE ONLY public.auth_user
    ADD CONSTRAINT auth_user_username_key UNIQUE (username);


--
-- Name: authtoken_token authtoken_token_pkey; Type: CONSTRAINT; Schema: public; Owner: postgres
--

ALTER TABLE ONLY public.authtoken_token
    ADD CONSTRAINT authtoken_token_pkey PRIMARY KEY (key);


--
-- Name: authtoken_token authtoken_token_user_id_key; Type: CONSTRAINT; Schema: public; Owner: postgres
--

ALTER TABLE ONLY public.authtoken_token
    ADD CONSTRAINT authtoken_token_user_id_key UNIQUE (user_id);


--
-- Name: core_addoncategory core_addoncategory_pkey; Type: CONSTRAINT; Schema: public; Owner: postgres
--

ALTER TABLE ONLY public.core_addoncategory
    ADD CONSTRAINT core_addoncategory_pkey PRIMARY KEY (id);


--
-- Name: core_addonoption core_addonoption_pkey; Type: CONSTRAINT; Schema: public; Owner: postgres
--

ALTER TABLE ONLY public.core_addonoption
    ADD CONSTRAINT core_addonoption_pkey PRIMARY KEY (id);


--
-- Name: core_category core_category_pkey; Type: CONSTRAINT; Schema: public; Owner: postgres
--

ALTER TABLE ONLY public.core_category
    ADD CONSTRAINT core_category_pkey PRIMARY KEY (id);


--
-- Name: core_menu core_menu_pkey; Type: CONSTRAINT; Schema: public; Owner: postgres
--

ALTER TABLE ONLY public.core_menu
    ADD CONSTRAINT core_menu_pkey PRIMARY KEY (id);


--
-- Name: core_promo core_promo_code_key; Type: CONSTRAINT; Schema: public; Owner: postgres
--

ALTER TABLE ONLY public.core_promo
    ADD CONSTRAINT core_promo_code_key UNIQUE (code);


--
-- Name: core_promo core_promo_pkey; Type: CONSTRAINT; Schema: public; Owner: postgres
--

ALTER TABLE ONLY public.core_promo
    ADD CONSTRAINT core_promo_pkey PRIMARY KEY (id);


--
-- Name: core_restaurant_categories core_restaurant_categori_restaurant_id_category_i_9e3c6a3c_uniq; Type: CONSTRAINT; Schema: public; Owner: postgres
--

ALTER TABLE ONLY public.core_restaurant_categories
    ADD CONSTRAINT core_restaurant_categori_restaurant_id_category_i_9e3c6a3c_uniq UNIQUE (restaurant_id, category_id);


--
-- Name: core_restaurant_categories core_restaurant_categories_pkey; Type: CONSTRAINT; Schema: public; Owner: postgres
--

ALTER TABLE ONLY public.core_restaurant_categories
    ADD CONSTRAINT core_restaurant_categories_pkey PRIMARY KEY (id);


--
-- Name: core_restaurant core_restaurant_pkey; Type: CONSTRAINT; Schema: public; Owner: postgres
--

ALTER TABLE ONLY public.core_restaurant
    ADD CONSTRAINT core_restaurant_pkey PRIMARY KEY (id);


--
-- Name: core_restaurantimage core_restaurantimage_pkey; Type: CONSTRAINT; Schema: public; Owner: postgres
--

ALTER TABLE ONLY public.core_restaurantimage
    ADD CONSTRAINT core_restaurantimage_pkey PRIMARY KEY (id);


--
-- Name: core_userprofile core_userprofile_email_key; Type: CONSTRAINT; Schema: public; Owner: postgres
--

ALTER TABLE ONLY public.core_userprofile
    ADD CONSTRAINT core_userprofile_email_key UNIQUE (email);


--
-- Name: core_userprofile core_userprofile_phone_key; Type: CONSTRAINT; Schema: public; Owner: postgres
--

ALTER TABLE ONLY public.core_userprofile
    ADD CONSTRAINT core_userprofile_phone_key UNIQUE (phone);


--
-- Name: core_userprofile core_userprofile_pkey; Type: CONSTRAINT; Schema: public; Owner: postgres
--

ALTER TABLE ONLY public.core_userprofile
    ADD CONSTRAINT core_userprofile_pkey PRIMARY KEY (id);


--
-- Name: core_userprofile core_userprofile_user_id_key; Type: CONSTRAINT; Schema: public; Owner: postgres
--

ALTER TABLE ONLY public.core_userprofile
    ADD CONSTRAINT core_userprofile_user_id_key UNIQUE (user_id);


--
-- Name: django_admin_log django_admin_log_pkey; Type: CONSTRAINT; Schema: public; Owner: postgres
--

ALTER TABLE ONLY public.django_admin_log
    ADD CONSTRAINT django_admin_log_pkey PRIMARY KEY (id);


--
-- Name: django_content_type django_content_type_app_label_model_76bd3d3b_uniq; Type: CONSTRAINT; Schema: public; Owner: postgres
--

ALTER TABLE ONLY public.django_content_type
    ADD CONSTRAINT django_content_type_app_label_model_76bd3d3b_uniq UNIQUE (app_label, model);


--
-- Name: django_content_type django_content_type_pkey; Type: CONSTRAINT; Schema: public; Owner: postgres
--

ALTER TABLE ONLY public.django_content_type
    ADD CONSTRAINT django_content_type_pkey PRIMARY KEY (id);


--
-- Name: django_migrations django_migrations_pkey; Type: CONSTRAINT; Schema: public; Owner: postgres
--

ALTER TABLE ONLY public.django_migrations
    ADD CONSTRAINT django_migrations_pkey PRIMARY KEY (id);


--
-- Name: django_session django_session_pkey; Type: CONSTRAINT; Schema: public; Owner: postgres
--

ALTER TABLE ONLY public.django_session
    ADD CONSTRAINT django_session_pkey PRIMARY KEY (session_key);


--
-- Name: django_site django_site_domain_a2e37b91_uniq; Type: CONSTRAINT; Schema: public; Owner: postgres
--

ALTER TABLE ONLY public.django_site
    ADD CONSTRAINT django_site_domain_a2e37b91_uniq UNIQUE (domain);


--
-- Name: django_site django_site_pkey; Type: CONSTRAINT; Schema: public; Owner: postgres
--

ALTER TABLE ONLY public.django_site
    ADD CONSTRAINT django_site_pkey PRIMARY KEY (id);


--
-- Name: payments_order payments_order_pkey; Type: CONSTRAINT; Schema: public; Owner: postgres
--

ALTER TABLE ONLY public.payments_order
    ADD CONSTRAINT payments_order_pkey PRIMARY KEY (id);


--
-- Name: payments_orderitem payments_orderitem_pkey; Type: CONSTRAINT; Schema: public; Owner: postgres
--

ALTER TABLE ONLY public.payments_orderitem
    ADD CONSTRAINT payments_orderitem_pkey PRIMARY KEY (id);


--
-- Name: payments_payment payments_payment_order_id_key; Type: CONSTRAINT; Schema: public; Owner: postgres
--

ALTER TABLE ONLY public.payments_payment
    ADD CONSTRAINT payments_payment_order_id_key UNIQUE (order_id);


--
-- Name: payments_payment payments_payment_pkey; Type: CONSTRAINT; Schema: public; Owner: postgres
--

ALTER TABLE ONLY public.payments_payment
    ADD CONSTRAINT payments_payment_pkey PRIMARY KEY (id);


--
-- Name: payments_payment payments_payment_transaction_id_key; Type: CONSTRAINT; Schema: public; Owner: postgres
--

ALTER TABLE ONLY public.payments_payment
    ADD CONSTRAINT payments_payment_transaction_id_key UNIQUE (transaction_id);


--
-- Name: payments_promousage payments_promousage_pkey; Type: CONSTRAINT; Schema: public; Owner: postgres
--

ALTER TABLE ONLY public.payments_promousage
    ADD CONSTRAINT payments_promousage_pkey PRIMARY KEY (id);


--
-- Name: payments_promousage payments_promousage_promo_id_customer_id_b8f3181c_uniq; Type: CONSTRAINT; Schema: public; Owner: postgres
--

ALTER TABLE ONLY public.payments_promousage
    ADD CONSTRAINT payments_promousage_promo_id_customer_id_b8f3181c_uniq UNIQUE (promo_id, customer_id);


--
-- Name: auth_group_name_a6ea08ec_like; Type: INDEX; Schema: public; Owner: postgres
--

CREATE INDEX auth_group_name_a6ea08ec_like ON public.auth_group USING btree (name varchar_pattern_ops);


--
-- Name: auth_group_permissions_group_id_b120cbf9; Type: INDEX; Schema: public; Owner: postgres
--

CREATE INDEX auth_group_permissions_group_id_b120cbf9 ON public.auth_group_permissions USING btree (group_id);


--
-- Name: auth_group_permissions_permission_id_84c5c92e; Type: INDEX; Schema: public; Owner: postgres
--

CREATE INDEX auth_group_permissions_permission_id_84c5c92e ON public.auth_group_permissions USING btree (permission_id);


--
-- Name: auth_permission_content_type_id_2f476e4b; Type: INDEX; Schema: public; Owner: postgres
--

CREATE INDEX auth_permission_content_type_id_2f476e4b ON public.auth_permission USING btree (content_type_id);


--
-- Name: auth_user_groups_group_id_97559544; Type: INDEX; Schema: public; Owner: postgres
--

CREATE INDEX auth_user_groups_group_id_97559544 ON public.auth_user_groups USING btree (group_id);


--
-- Name: auth_user_groups_user_id_6a12ed8b; Type: INDEX; Schema: public; Owner: postgres
--

CREATE INDEX auth_user_groups_user_id_6a12ed8b ON public.auth_user_groups USING btree (user_id);


--
-- Name: auth_user_user_permissions_permission_id_1fbb5f2c; Type: INDEX; Schema: public; Owner: postgres
--

CREATE INDEX auth_user_user_permissions_permission_id_1fbb5f2c ON public.auth_user_user_permissions USING btree (permission_id);


--
-- Name: auth_user_user_permissions_user_id_a95ead1b; Type: INDEX; Schema: public; Owner: postgres
--

CREATE INDEX auth_user_user_permissions_user_id_a95ead1b ON public.auth_user_user_permissions USING btree (user_id);


--
-- Name: auth_user_username_6821ab7c_like; Type: INDEX; Schema: public; Owner: postgres
--

CREATE INDEX auth_user_username_6821ab7c_like ON public.auth_user USING btree (username varchar_pattern_ops);


--
-- Name: authtoken_token_key_10f0b77e_like; Type: INDEX; Schema: public; Owner: postgres
--

CREATE INDEX authtoken_token_key_10f0b77e_like ON public.authtoken_token USING btree (key varchar_pattern_ops);


--
-- Name: core_addoncategory_menu_id_1d6febb3; Type: INDEX; Schema: public; Owner: postgres
--

CREATE INDEX core_addoncategory_menu_id_1d6febb3 ON public.core_addoncategory USING btree (menu_id);


--
-- Name: core_addonoption_category_id_661b8e5b; Type: INDEX; Schema: public; Owner: postgres
--

CREATE INDEX core_addonoption_category_id_661b8e5b ON public.core_addonoption USING btree (category_id);


--
-- Name: core_addonoption_menu_item_id_2f584065; Type: INDEX; Schema: public; Owner: postgres
--

CREATE INDEX core_addonoption_menu_item_id_2f584065 ON public.core_addonoption USING btree (menu_item_id);


--
-- Name: core_menu_category_id_19407d13; Type: INDEX; Schema: public; Owner: postgres
--

CREATE INDEX core_menu_category_id_19407d13 ON public.core_menu USING btree (category_id);


--
-- Name: core_menu_restaurant_id_4be85683; Type: INDEX; Schema: public; Owner: postgres
--

CREATE INDEX core_menu_restaurant_id_4be85683 ON public.core_menu USING btree (restaurant_id);


--
-- Name: core_promo_code_e103d81d_like; Type: INDEX; Schema: public; Owner: postgres
--

CREATE INDEX core_promo_code_e103d81d_like ON public.core_promo USING btree (code varchar_pattern_ops);


--
-- Name: core_promo_menu_id_13c10201; Type: INDEX; Schema: public; Owner: postgres
--

CREATE INDEX core_promo_menu_id_13c10201 ON public.core_promo USING btree (menu_id);


--
-- Name: core_promo_restaurant_id_7e5497fc; Type: INDEX; Schema: public; Owner: postgres
--

CREATE INDEX core_promo_restaurant_id_7e5497fc ON public.core_promo USING btree (restaurant_id);


--
-- Name: core_restaurant_categories_category_id_89f6ce68; Type: INDEX; Schema: public; Owner: postgres
--

CREATE INDEX core_restaurant_categories_category_id_89f6ce68 ON public.core_restaurant_categories USING btree (category_id);


--
-- Name: core_restaurant_categories_restaurant_id_46748459; Type: INDEX; Schema: public; Owner: postgres
--

CREATE INDEX core_restaurant_categories_restaurant_id_46748459 ON public.core_restaurant_categories USING btree (restaurant_id);


--
-- Name: core_restaurant_owner_id_a77fd7a8; Type: INDEX; Schema: public; Owner: postgres
--

CREATE INDEX core_restaurant_owner_id_a77fd7a8 ON public.core_restaurant USING btree (owner_id);


--
-- Name: core_restaurant_slug_7f0fc696; Type: INDEX; Schema: public; Owner: postgres
--

CREATE INDEX core_restaurant_slug_7f0fc696 ON public.core_restaurant USING btree (slug);


--
-- Name: core_restaurant_slug_7f0fc696_like; Type: INDEX; Schema: public; Owner: postgres
--

CREATE INDEX core_restaurant_slug_7f0fc696_like ON public.core_restaurant USING btree (slug varchar_pattern_ops);


--
-- Name: core_restaurantimage_menu_id_443d4f4e; Type: INDEX; Schema: public; Owner: postgres
--

CREATE INDEX core_restaurantimage_menu_id_443d4f4e ON public.core_restaurantimage USING btree (menu_id);


--
-- Name: core_restaurantimage_restaurant_id_6c368552; Type: INDEX; Schema: public; Owner: postgres
--

CREATE INDEX core_restaurantimage_restaurant_id_6c368552 ON public.core_restaurantimage USING btree (restaurant_id);


--
-- Name: core_userprofile_email_ba06e794_like; Type: INDEX; Schema: public; Owner: postgres
--

CREATE INDEX core_userprofile_email_ba06e794_like ON public.core_userprofile USING btree (email varchar_pattern_ops);


--
-- Name: core_userprofile_phone_687d384b_like; Type: INDEX; Schema: public; Owner: postgres
--

CREATE INDEX core_userprofile_phone_687d384b_like ON public.core_userprofile USING btree (phone varchar_pattern_ops);


--
-- Name: django_admin_log_content_type_id_c4bce8eb; Type: INDEX; Schema: public; Owner: postgres
--

CREATE INDEX django_admin_log_content_type_id_c4bce8eb ON public.django_admin_log USING btree (content_type_id);


--
-- Name: django_admin_log_user_id_c564eba6; Type: INDEX; Schema: public; Owner: postgres
--

CREATE INDEX django_admin_log_user_id_c564eba6 ON public.django_admin_log USING btree (user_id);


--
-- Name: django_session_expire_date_a5c62663; Type: INDEX; Schema: public; Owner: postgres
--

CREATE INDEX django_session_expire_date_a5c62663 ON public.django_session USING btree (expire_date);


--
-- Name: django_session_session_key_c0390e0f_like; Type: INDEX; Schema: public; Owner: postgres
--

CREATE INDEX django_session_session_key_c0390e0f_like ON public.django_session USING btree (session_key varchar_pattern_ops);


--
-- Name: django_site_domain_a2e37b91_like; Type: INDEX; Schema: public; Owner: postgres
--

CREATE INDEX django_site_domain_a2e37b91_like ON public.django_site USING btree (domain varchar_pattern_ops);


--
-- Name: payments_order_customer_id_8d44d52e; Type: INDEX; Schema: public; Owner: postgres
--

CREATE INDEX payments_order_customer_id_8d44d52e ON public.payments_order USING btree (customer_id);


--
-- Name: payments_order_promo_id_51f2de7e; Type: INDEX; Schema: public; Owner: postgres
--

CREATE INDEX payments_order_promo_id_51f2de7e ON public.payments_order USING btree (promo_id);


--
-- Name: payments_order_restaurant_id_4df50e85; Type: INDEX; Schema: public; Owner: postgres
--

CREATE INDEX payments_order_restaurant_id_4df50e85 ON public.payments_order USING btree (restaurant_id);


--
-- Name: payments_orderitem_menu_item_id_24c953ce; Type: INDEX; Schema: public; Owner: postgres
--

CREATE INDEX payments_orderitem_menu_item_id_24c953ce ON public.payments_orderitem USING btree (menu_item_id);


--
-- Name: payments_orderitem_order_id_4cc4fe53; Type: INDEX; Schema: public; Owner: postgres
--

CREATE INDEX payments_orderitem_order_id_4cc4fe53 ON public.payments_orderitem USING btree (order_id);


--
-- Name: payments_payment_transaction_id_55f6af3a_like; Type: INDEX; Schema: public; Owner: postgres
--

CREATE INDEX payments_payment_transaction_id_55f6af3a_like ON public.payments_payment USING btree (transaction_id varchar_pattern_ops);


--
-- Name: payments_promousage_customer_id_53e67b87; Type: INDEX; Schema: public; Owner: postgres
--

CREATE INDEX payments_promousage_customer_id_53e67b87 ON public.payments_promousage USING btree (customer_id);


--
-- Name: payments_promousage_promo_id_14e8d51e; Type: INDEX; Schema: public; Owner: postgres
--

CREATE INDEX payments_promousage_promo_id_14e8d51e ON public.payments_promousage USING btree (promo_id);


--
-- Name: auth_group_permissions auth_group_permissio_permission_id_84c5c92e_fk_auth_perm; Type: FK CONSTRAINT; Schema: public; Owner: postgres
--

ALTER TABLE ONLY public.auth_group_permissions
    ADD CONSTRAINT auth_group_permissio_permission_id_84c5c92e_fk_auth_perm FOREIGN KEY (permission_id) REFERENCES public.auth_permission(id) DEFERRABLE INITIALLY DEFERRED;


--
-- Name: auth_group_permissions auth_group_permissions_group_id_b120cbf9_fk_auth_group_id; Type: FK CONSTRAINT; Schema: public; Owner: postgres
--

ALTER TABLE ONLY public.auth_group_permissions
    ADD CONSTRAINT auth_group_permissions_group_id_b120cbf9_fk_auth_group_id FOREIGN KEY (group_id) REFERENCES public.auth_group(id) DEFERRABLE INITIALLY DEFERRED;


--
-- Name: auth_permission auth_permission_content_type_id_2f476e4b_fk_django_co; Type: FK CONSTRAINT; Schema: public; Owner: postgres
--

ALTER TABLE ONLY public.auth_permission
    ADD CONSTRAINT auth_permission_content_type_id_2f476e4b_fk_django_co FOREIGN KEY (content_type_id) REFERENCES public.django_content_type(id) DEFERRABLE INITIALLY DEFERRED;


--
-- Name: auth_user_groups auth_user_groups_group_id_97559544_fk_auth_group_id; Type: FK CONSTRAINT; Schema: public; Owner: postgres
--

ALTER TABLE ONLY public.auth_user_groups
    ADD CONSTRAINT auth_user_groups_group_id_97559544_fk_auth_group_id FOREIGN KEY (group_id) REFERENCES public.auth_group(id) DEFERRABLE INITIALLY DEFERRED;


--
-- Name: auth_user_groups auth_user_groups_user_id_6a12ed8b_fk_auth_user_id; Type: FK CONSTRAINT; Schema: public; Owner: postgres
--

ALTER TABLE ONLY public.auth_user_groups
    ADD CONSTRAINT auth_user_groups_user_id_6a12ed8b_fk_auth_user_id FOREIGN KEY (user_id) REFERENCES public.auth_user(id) DEFERRABLE INITIALLY DEFERRED;


--
-- Name: auth_user_user_permissions auth_user_user_permi_permission_id_1fbb5f2c_fk_auth_perm; Type: FK CONSTRAINT; Schema: public; Owner: postgres
--

ALTER TABLE ONLY public.auth_user_user_permissions
    ADD CONSTRAINT auth_user_user_permi_permission_id_1fbb5f2c_fk_auth_perm FOREIGN KEY (permission_id) REFERENCES public.auth_permission(id) DEFERRABLE INITIALLY DEFERRED;


--
-- Name: auth_user_user_permissions auth_user_user_permissions_user_id_a95ead1b_fk_auth_user_id; Type: FK CONSTRAINT; Schema: public; Owner: postgres
--

ALTER TABLE ONLY public.auth_user_user_permissions
    ADD CONSTRAINT auth_user_user_permissions_user_id_a95ead1b_fk_auth_user_id FOREIGN KEY (user_id) REFERENCES public.auth_user(id) DEFERRABLE INITIALLY DEFERRED;


--
-- Name: authtoken_token authtoken_token_user_id_35299eff_fk_auth_user_id; Type: FK CONSTRAINT; Schema: public; Owner: postgres
--

ALTER TABLE ONLY public.authtoken_token
    ADD CONSTRAINT authtoken_token_user_id_35299eff_fk_auth_user_id FOREIGN KEY (user_id) REFERENCES public.auth_user(id) DEFERRABLE INITIALLY DEFERRED;


--
-- Name: core_addoncategory core_addoncategory_menu_id_1d6febb3_fk_core_menu_id; Type: FK CONSTRAINT; Schema: public; Owner: postgres
--

ALTER TABLE ONLY public.core_addoncategory
    ADD CONSTRAINT core_addoncategory_menu_id_1d6febb3_fk_core_menu_id FOREIGN KEY (menu_id) REFERENCES public.core_menu(id) DEFERRABLE INITIALLY DEFERRED;


--
-- Name: core_addonoption core_addonoption_category_id_661b8e5b_fk_core_addoncategory_id; Type: FK CONSTRAINT; Schema: public; Owner: postgres
--

ALTER TABLE ONLY public.core_addonoption
    ADD CONSTRAINT core_addonoption_category_id_661b8e5b_fk_core_addoncategory_id FOREIGN KEY (category_id) REFERENCES public.core_addoncategory(id) DEFERRABLE INITIALLY DEFERRED;


--
-- Name: core_addonoption core_addonoption_menu_item_id_2f584065_fk_core_menu_id; Type: FK CONSTRAINT; Schema: public; Owner: postgres
--

ALTER TABLE ONLY public.core_addonoption
    ADD CONSTRAINT core_addonoption_menu_item_id_2f584065_fk_core_menu_id FOREIGN KEY (menu_item_id) REFERENCES public.core_menu(id) DEFERRABLE INITIALLY DEFERRED;


--
-- Name: core_menu core_menu_category_id_19407d13_fk_core_category_id; Type: FK CONSTRAINT; Schema: public; Owner: postgres
--

ALTER TABLE ONLY public.core_menu
    ADD CONSTRAINT core_menu_category_id_19407d13_fk_core_category_id FOREIGN KEY (category_id) REFERENCES public.core_category(id) DEFERRABLE INITIALLY DEFERRED;


--
-- Name: core_menu core_menu_restaurant_id_4be85683_fk_core_restaurant_id; Type: FK CONSTRAINT; Schema: public; Owner: postgres
--

ALTER TABLE ONLY public.core_menu
    ADD CONSTRAINT core_menu_restaurant_id_4be85683_fk_core_restaurant_id FOREIGN KEY (restaurant_id) REFERENCES public.core_restaurant(id) DEFERRABLE INITIALLY DEFERRED;


--
-- Name: core_promo core_promo_menu_id_13c10201_fk_core_menu_id; Type: FK CONSTRAINT; Schema: public; Owner: postgres
--

ALTER TABLE ONLY public.core_promo
    ADD CONSTRAINT core_promo_menu_id_13c10201_fk_core_menu_id FOREIGN KEY (menu_id) REFERENCES public.core_menu(id) DEFERRABLE INITIALLY DEFERRED;


--
-- Name: core_promo core_promo_restaurant_id_7e5497fc_fk_core_restaurant_id; Type: FK CONSTRAINT; Schema: public; Owner: postgres
--

ALTER TABLE ONLY public.core_promo
    ADD CONSTRAINT core_promo_restaurant_id_7e5497fc_fk_core_restaurant_id FOREIGN KEY (restaurant_id) REFERENCES public.core_restaurant(id) DEFERRABLE INITIALLY DEFERRED;


--
-- Name: core_restaurant_categories core_restaurant_cate_category_id_89f6ce68_fk_core_cate; Type: FK CONSTRAINT; Schema: public; Owner: postgres
--

ALTER TABLE ONLY public.core_restaurant_categories
    ADD CONSTRAINT core_restaurant_cate_category_id_89f6ce68_fk_core_cate FOREIGN KEY (category_id) REFERENCES public.core_category(id) DEFERRABLE INITIALLY DEFERRED;


--
-- Name: core_restaurant_categories core_restaurant_cate_restaurant_id_46748459_fk_core_rest; Type: FK CONSTRAINT; Schema: public; Owner: postgres
--

ALTER TABLE ONLY public.core_restaurant_categories
    ADD CONSTRAINT core_restaurant_cate_restaurant_id_46748459_fk_core_rest FOREIGN KEY (restaurant_id) REFERENCES public.core_restaurant(id) DEFERRABLE INITIALLY DEFERRED;


--
-- Name: core_restaurant core_restaurant_owner_id_a77fd7a8_fk_auth_user_id; Type: FK CONSTRAINT; Schema: public; Owner: postgres
--

ALTER TABLE ONLY public.core_restaurant
    ADD CONSTRAINT core_restaurant_owner_id_a77fd7a8_fk_auth_user_id FOREIGN KEY (owner_id) REFERENCES public.auth_user(id) DEFERRABLE INITIALLY DEFERRED;


--
-- Name: core_restaurantimage core_restaurantimage_menu_id_443d4f4e_fk_core_menu_id; Type: FK CONSTRAINT; Schema: public; Owner: postgres
--

ALTER TABLE ONLY public.core_restaurantimage
    ADD CONSTRAINT core_restaurantimage_menu_id_443d4f4e_fk_core_menu_id FOREIGN KEY (menu_id) REFERENCES public.core_menu(id) DEFERRABLE INITIALLY DEFERRED;


--
-- Name: core_restaurantimage core_restaurantimage_restaurant_id_6c368552_fk_core_rest; Type: FK CONSTRAINT; Schema: public; Owner: postgres
--

ALTER TABLE ONLY public.core_restaurantimage
    ADD CONSTRAINT core_restaurantimage_restaurant_id_6c368552_fk_core_rest FOREIGN KEY (restaurant_id) REFERENCES public.core_restaurant(id) DEFERRABLE INITIALLY DEFERRED;


--
-- Name: core_userprofile core_userprofile_user_id_5141ad90_fk_auth_user_id; Type: FK CONSTRAINT; Schema: public; Owner: postgres
--

ALTER TABLE ONLY public.core_userprofile
    ADD CONSTRAINT core_userprofile_user_id_5141ad90_fk_auth_user_id FOREIGN KEY (user_id) REFERENCES public.auth_user(id) DEFERRABLE INITIALLY DEFERRED;


--
-- Name: django_admin_log django_admin_log_content_type_id_c4bce8eb_fk_django_co; Type: FK CONSTRAINT; Schema: public; Owner: postgres
--

ALTER TABLE ONLY public.django_admin_log
    ADD CONSTRAINT django_admin_log_content_type_id_c4bce8eb_fk_django_co FOREIGN KEY (content_type_id) REFERENCES public.django_content_type(id) DEFERRABLE INITIALLY DEFERRED;


--
-- Name: django_admin_log django_admin_log_user_id_c564eba6_fk_auth_user_id; Type: FK CONSTRAINT; Schema: public; Owner: postgres
--

ALTER TABLE ONLY public.django_admin_log
    ADD CONSTRAINT django_admin_log_user_id_c564eba6_fk_auth_user_id FOREIGN KEY (user_id) REFERENCES public.auth_user(id) DEFERRABLE INITIALLY DEFERRED;


--
-- Name: payments_order payments_order_customer_id_8d44d52e_fk_auth_user_id; Type: FK CONSTRAINT; Schema: public; Owner: postgres
--

ALTER TABLE ONLY public.payments_order
    ADD CONSTRAINT payments_order_customer_id_8d44d52e_fk_auth_user_id FOREIGN KEY (customer_id) REFERENCES public.auth_user(id) DEFERRABLE INITIALLY DEFERRED;


--
-- Name: payments_order payments_order_promo_id_51f2de7e_fk_core_promo_id; Type: FK CONSTRAINT; Schema: public; Owner: postgres
--

ALTER TABLE ONLY public.payments_order
    ADD CONSTRAINT payments_order_promo_id_51f2de7e_fk_core_promo_id FOREIGN KEY (promo_id) REFERENCES public.core_promo(id) DEFERRABLE INITIALLY DEFERRED;


--
-- Name: payments_order payments_order_restaurant_id_4df50e85_fk_core_restaurant_id; Type: FK CONSTRAINT; Schema: public; Owner: postgres
--

ALTER TABLE ONLY public.payments_order
    ADD CONSTRAINT payments_order_restaurant_id_4df50e85_fk_core_restaurant_id FOREIGN KEY (restaurant_id) REFERENCES public.core_restaurant(id) DEFERRABLE INITIALLY DEFERRED;


--
-- Name: payments_orderitem payments_orderitem_menu_item_id_24c953ce_fk_core_menu_id; Type: FK CONSTRAINT; Schema: public; Owner: postgres
--

ALTER TABLE ONLY public.payments_orderitem
    ADD CONSTRAINT payments_orderitem_menu_item_id_24c953ce_fk_core_menu_id FOREIGN KEY (menu_item_id) REFERENCES public.core_menu(id) DEFERRABLE INITIALLY DEFERRED;


--
-- Name: payments_orderitem payments_orderitem_order_id_4cc4fe53_fk_payments_order_id; Type: FK CONSTRAINT; Schema: public; Owner: postgres
--

ALTER TABLE ONLY public.payments_orderitem
    ADD CONSTRAINT payments_orderitem_order_id_4cc4fe53_fk_payments_order_id FOREIGN KEY (order_id) REFERENCES public.payments_order(id) DEFERRABLE INITIALLY DEFERRED;


--
-- Name: payments_payment payments_payment_order_id_22c479b7_fk_payments_order_id; Type: FK CONSTRAINT; Schema: public; Owner: postgres
--

ALTER TABLE ONLY public.payments_payment
    ADD CONSTRAINT payments_payment_order_id_22c479b7_fk_payments_order_id FOREIGN KEY (order_id) REFERENCES public.payments_order(id) DEFERRABLE INITIALLY DEFERRED;


--
-- Name: payments_promousage payments_promousage_customer_id_53e67b87_fk_auth_user_id; Type: FK CONSTRAINT; Schema: public; Owner: postgres
--

ALTER TABLE ONLY public.payments_promousage
    ADD CONSTRAINT payments_promousage_customer_id_53e67b87_fk_auth_user_id FOREIGN KEY (customer_id) REFERENCES public.auth_user(id) DEFERRABLE INITIALLY DEFERRED;


--
-- Name: payments_promousage payments_promousage_promo_id_14e8d51e_fk_core_promo_id; Type: FK CONSTRAINT; Schema: public; Owner: postgres
--

ALTER TABLE ONLY public.payments_promousage
    ADD CONSTRAINT payments_promousage_promo_id_14e8d51e_fk_core_promo_id FOREIGN KEY (promo_id) REFERENCES public.core_promo(id) DEFERRABLE INITIALLY DEFERRED;


--
-- PostgreSQL database dump complete
--

